cells-gene,ZYX,ZFP36L2,ZFAND5,YBX1,UBC,TYMP,TPGS1,TMEM160,TMA7,STUB1,SRSF9,SPI1,SNX3,SIRPB1,SIAH2,SH3KBP1,RTN4,RPS3A,RPS29,RPS28,RPS26,RPS21,RPS2,RPL41,RPL39,RPL37A,RPL37,RPL36A,RPL34,RNPEP,RNF149,RNF145,RETN,RAC1,PNRC1,PNPLA2,PLAUR,OGFR,MMP24.AS1,MEGF9,MAP3K8,MAFB,LYSMD2,LYL1,LAMP1,KRT10,KHDRBS1,JUND,JUN,IFNGR2,IFI6,HLA.DQA1,HLA.C,HLA.B,HLA.A,H2AFV,H1FX,GNB2,GNAI2,FKBP8,FAM173A,EPN1,EMILIN2,EIF5,EIF1,DUSP1,DNAJC1,CYBA,CST3,CRTAP,COTL1,CLTB,CITED2,CHCHD10,CEBPD,CEBPB,CD83,CD68,CCDC85B,CAST,C4orf48,C20orf24,C1QBP,C19orf43,C17orf89,BTG1,BRI3,BAG1,B2M,ATP5I,ATP5E,ATP5D,AP1S2,AKR7A2,cell_type
AD1_AACGTTGTCTGTCTCG.1,3,10,1,13,10,4,0,2,1,0,0,14,2,0,0,1,2,11,9,17,8,9,15,12,20,8,12,0,15,2,2,0,5,1,3,1,1,2,0,1,1,3,0,0,1,0,2,0,0,0,1,3,43,19,21,1,0,2,3,2,1,5,0,0,7,21,0,11,18,0,6,1,1,0,0,0,0,5,0,1,0,1,0,2,0,2,0,3,81,2,8,1,2,0,Monocyte
AD1_AACTCCCGTTGGACCC.1,12,10,2,9,10,2,1,0,7,2,1,8,1,1,0,1,2,24,7,18,16,23,22,23,27,7,15,4,35,1,3,0,1,1,4,0,2,2,0,1,0,0,0,1,2,0,1,0,0,1,1,3,44,42,32,0,0,2,2,3,1,1,1,2,32,29,1,8,38,1,6,1,6,3,5,1,2,6,1,1,1,2,0,5,0,4,1,0,112,3,15,3,2,0,Monocyte
AD1_AAGGCAGGTGCCTGCA.1,7,5,2,6,8,2,0,0,6,0,0,23,2,2,0,1,2,15,8,16,14,7,19,16,20,7,20,1,20,1,2,3,2,0,2,2,1,0,0,1,0,0,0,0,3,0,0,0,10,1,0,1,21,19,11,3,0,3,7,3,2,2,1,1,15,34,0,17,22,0,22,1,3,2,1,6,0,3,0,2,0,3,1,6,2,2,1,0,70,3,17,1,2,1,Monocyte
AD1_ACGCAGCGTCTGGTCG.1,3,15,1,5,8,2,0,0,3,0,3,7,3,0,0,0,1,33,5,32,12,17,19,13,32,8,32,6,35,0,0,2,3,1,4,4,2,2,0,0,0,3,2,0,0,0,4,1,22,1,0,7,24,14,11,1,3,2,2,4,0,0,0,1,20,20,0,16,16,4,7,0,5,2,11,0,1,8,4,2,0,2,0,0,1,1,1,1,46,3,9,3,4,2,Monocyte
AD1_ACGGGCTTCCTCAACC.1,5,2,4,1,1,3,0,2,0,0,1,7,0,0,0,2,2,15,7,21,9,7,4,7,19,6,16,2,19,0,2,1,5,2,3,5,10,2,0,2,0,0,0,0,0,0,1,3,10,1,0,1,17,17,3,1,1,0,5,0,1,2,0,1,15,10,0,6,21,2,11,0,0,0,2,3,4,3,0,1,1,0,3,0,0,2,1,0,20,1,9,1,0,0,Monocyte
AD1_ACTTGTTTCCCACTTG.1,3,5,0,14,9,2,0,0,5,1,1,10,1,4,0,1,1,11,8,9,5,16,12,13,20,8,18,4,12,0,1,0,0,1,4,0,1,0,0,0,0,0,0,1,0,1,4,1,1,0,0,5,22,27,10,1,1,3,3,0,0,0,0,0,16,37,0,15,18,0,7,1,0,1,0,0,1,6,2,2,1,1,2,0,1,10,1,2,65,1,11,1,2,0,Monocyte
AD1_AGAATAGTCGAATCCA.1,9,1,1,3,10,6,1,2,3,0,0,7,3,1,1,1,1,17,7,33,14,13,18,12,31,16,31,4,22,0,1,1,6,2,11,3,1,0,1,3,0,1,2,1,2,1,0,1,29,2,0,5,21,6,11,2,0,3,6,0,1,3,0,2,26,40,0,5,11,4,3,0,4,2,4,0,0,4,1,4,1,1,1,3,0,7,2,0,35,3,18,2,6,1,Monocyte
AD1_AGAGCGAGTAAGTAGT.1,6,7,1,13,2,1,0,0,5,0,1,7,2,4,0,1,3,15,6,19,15,6,19,10,29,6,14,4,22,1,4,1,1,0,7,2,0,1,1,1,0,5,0,0,1,1,2,0,0,4,1,7,21,22,9,2,2,0,2,1,0,0,0,0,7,26,0,16,30,1,3,2,3,1,2,1,0,7,0,3,0,1,0,2,1,6,1,1,77,1,13,1,3,0,Monocyte
AD1_AGTGGGATCTGGTATG.1,5,12,5,4,13,1,0,0,2,1,0,9,4,3,0,1,3,18,8,16,8,11,17,7,20,5,11,9,21,0,4,1,0,1,4,2,0,0,1,0,0,5,1,1,1,2,0,0,0,0,1,5,29,33,17,2,0,2,3,1,0,2,0,1,10,29,0,10,26,1,7,0,3,0,1,1,1,7,0,1,1,0,1,2,0,9,0,0,67,0,6,0,1,2,Monocyte
AD1_ATAAGAGAGGGTGTGT.1,1,4,0,1,3,2,0,1,2,1,0,4,0,0,1,2,3,9,1,12,7,11,14,11,22,4,13,0,11,0,0,0,1,1,3,1,0,0,1,0,0,1,0,0,1,0,0,2,6,1,0,0,4,14,7,0,0,1,6,1,0,1,2,1,6,14,0,14,11,4,3,1,2,0,1,1,3,1,2,1,1,2,0,5,0,0,2,1,32,0,7,1,1,0,Monocyte
AD1_ATGAGGGTCGCACTCT.1,3,2,2,6,8,0,0,0,6,1,0,4,1,1,0,3,0,16,2,13,4,8,17,8,30,8,13,3,18,3,4,1,0,2,6,2,1,1,2,0,0,1,1,0,0,1,0,0,0,1,0,1,31,15,5,1,0,4,1,2,1,1,0,0,12,30,2,8,19,0,6,0,2,3,2,2,1,7,0,0,1,2,2,0,1,6,3,0,75,1,7,1,1,0,Monocyte
AD1_ATGGGAGCAGATCGGA.1,2,3,1,5,7,0,0,0,2,0,3,5,3,0,0,0,1,22,2,16,10,11,13,11,20,6,17,3,26,0,0,0,1,1,2,0,1,0,1,1,1,3,1,0,0,2,0,1,0,0,0,7,16,10,10,0,0,1,3,3,1,0,0,0,10,24,0,14,22,0,6,0,0,0,4,3,0,9,0,1,1,0,0,2,0,3,0,0,47,0,9,0,2,1,Monocyte
AD1_ATTCTACGTTATCGGT.1,6,10,3,9,6,3,1,1,5,1,1,6,0,0,1,1,1,33,22,40,12,12,17,20,38,15,35,6,36,1,0,1,1,2,15,2,2,1,1,2,0,1,0,1,1,0,1,6,42,5,1,1,21,13,8,1,1,3,6,0,0,1,0,4,7,14,1,15,27,2,6,2,1,3,0,1,4,2,0,3,2,0,0,1,0,8,1,0,30,3,9,2,1,0,Monocyte
AD1_CATATGGGTGCAACTT.1,8,7,1,6,4,1,0,0,0,0,0,2,2,0,0,0,1,15,7,8,4,7,11,4,21,1,10,4,9,1,0,0,0,0,0,0,0,2,1,0,0,2,0,1,0,0,0,0,0,0,0,1,7,5,2,1,0,3,1,0,0,1,0,0,5,5,0,7,17,1,1,0,1,0,3,0,0,6,1,0,1,1,0,2,0,0,1,0,41,0,7,0,5,0,Monocyte
AD1_CATCAGAAGGGAGTAA.1,5,2,5,13,13,5,0,0,5,0,1,8,0,2,0,1,3,14,7,9,15,9,14,8,19,4,12,3,24,0,3,0,0,2,3,0,1,1,1,2,1,11,1,1,0,1,0,0,0,4,0,0,36,32,8,0,0,1,3,1,0,1,0,1,12,20,1,7,12,0,6,0,1,0,3,2,1,6,1,0,0,0,1,6,0,5,0,1,70,0,6,0,1,0,Monocyte
AD1_CCACCTACAGCGTTCG.1,5,1,5,13,8,6,2,0,6,4,0,11,1,2,1,0,2,21,7,9,7,14,10,11,22,6,20,3,24,1,3,0,1,1,4,0,3,1,3,0,0,1,1,1,1,1,2,0,0,3,2,4,44,23,23,2,0,4,0,1,0,1,0,0,23,41,0,11,12,1,9,2,0,0,4,2,1,10,1,2,2,0,1,2,0,3,0,0,124,0,7,2,3,0,Monocyte
AD1_CCAGCGATCACCGGGT.1,7,0,5,11,14,3,0,0,8,1,1,12,0,0,0,0,4,15,8,21,5,7,18,9,24,6,24,5,16,1,3,1,0,3,13,2,3,0,1,1,0,6,0,0,0,1,0,1,4,4,0,1,28,25,25,1,0,5,3,7,2,2,1,4,27,42,1,28,17,0,13,1,1,2,0,3,0,11,1,1,0,2,1,4,1,2,2,1,90,1,18,1,3,0,Monocyte
AD1_CCTTTCTAGTACGCGA.1,2,2,0,6,8,2,1,0,3,2,4,1,4,0,0,1,1,17,9,18,12,13,9,8,23,7,19,1,20,0,3,0,7,1,5,0,1,0,1,2,1,25,0,1,0,0,1,0,12,1,0,2,13,21,9,1,0,1,4,4,1,0,1,0,5,18,0,14,18,5,10,0,1,0,10,0,2,5,1,0,4,1,1,3,1,2,0,2,26,1,20,2,4,1,Monocyte
AD1_CGACTTCCAGCATGAG.1,2,18,0,5,2,2,0,0,4,0,0,5,0,1,0,1,4,33,16,45,16,16,28,9,48,25,47,7,41,2,2,0,7,4,3,1,1,2,1,1,0,1,0,0,0,1,1,4,4,1,0,4,12,18,14,2,0,1,3,4,1,1,1,1,12,14,0,14,35,0,10,0,2,0,9,0,2,2,1,2,3,2,3,3,1,8,1,3,32,2,19,4,4,0,Monocyte
AD1_CGCGTTTGTCCAACTA.1,3,0,0,19,16,2,1,0,5,0,0,7,4,3,0,0,2,18,9,19,12,16,28,12,32,13,21,6,27,2,2,0,3,2,6,2,3,1,0,0,2,2,2,3,1,1,0,0,0,3,0,3,30,28,18,1,0,5,2,0,0,1,0,3,44,23,1,7,15,0,11,0,1,6,0,6,0,12,1,4,1,1,1,3,0,3,0,0,111,2,10,3,2,0,Monocyte
AD1_CGTCACTGTAGTACCT.1,5,5,3,18,21,5,0,0,6,0,1,11,6,1,0,0,1,25,9,26,18,11,32,13,27,10,23,1,20,2,3,1,5,1,5,1,1,1,0,0,1,4,0,1,1,3,0,0,0,3,0,2,37,20,32,3,1,4,5,3,2,3,1,0,11,22,0,6,22,0,5,0,7,1,1,6,2,13,2,1,2,3,1,1,1,7,3,1,109,2,11,2,2,0,Monocyte
AD1_CGTGAGCGTGGTACAG.1,8,3,4,8,9,1,0,1,6,0,0,6,2,1,1,1,0,27,3,23,19,9,17,15,22,9,18,2,25,2,0,0,0,1,5,2,0,2,0,0,1,6,0,0,0,1,0,0,4,2,0,5,22,25,21,2,0,3,5,0,0,2,1,0,21,21,2,11,34,0,3,0,1,1,5,2,0,9,0,1,2,1,1,3,0,4,0,1,70,4,9,1,2,0,Monocyte
AD1_CTCATTAGTTACGCGC.1,1,7,1,2,0,2,2,1,3,0,0,4,2,0,0,2,2,18,9,32,26,10,18,16,27,13,30,5,30,0,1,1,1,3,6,3,1,0,1,1,1,4,0,0,0,1,1,5,14,1,0,1,17,13,5,0,4,2,3,1,2,0,1,1,11,17,0,9,11,1,5,0,0,1,12,1,1,2,0,5,1,2,2,0,1,0,0,1,27,1,13,2,1,0,Monocyte
AD1_CTTTGCGAGTGGAGAA.1,7,5,2,9,10,1,1,1,4,2,0,12,1,3,1,2,1,17,6,11,18,13,18,7,21,12,12,2,22,3,4,0,1,0,8,1,2,2,1,0,1,2,0,0,0,2,4,1,1,1,0,1,20,20,8,0,0,2,1,3,0,0,0,1,23,54,1,13,28,1,12,3,0,2,1,2,6,11,2,1,2,1,0,3,0,6,0,2,83,0,8,0,4,0,Monocyte
AD1_GACAGAGAGATCGATA.1,3,3,0,11,3,0,0,0,2,1,2,6,1,0,0,0,0,23,12,35,12,22,21,15,26,11,29,1,22,2,2,0,3,2,12,4,2,1,0,0,0,0,0,1,0,0,2,0,3,3,0,6,12,12,8,0,0,2,5,0,0,2,1,0,6,41,0,9,38,0,9,0,0,2,5,1,3,4,0,2,1,1,0,0,2,1,3,0,26,2,11,0,2,1,Monocyte
AD1_GAGTCCGGTCAAAGAT.1,5,6,1,14,13,4,0,0,2,0,1,8,4,2,0,0,1,20,9,20,6,17,24,10,27,3,17,4,26,1,2,1,1,0,8,0,1,1,1,1,0,3,2,4,3,0,4,0,0,1,0,2,39,28,24,0,1,6,2,2,0,1,0,1,16,16,0,13,24,1,9,0,8,3,1,4,3,7,0,1,1,1,0,2,0,0,0,2,89,1,9,2,2,1,Monocyte
AD1_GCAGTTACATCACAAC.1,6,3,3,5,5,14,1,1,4,1,0,4,2,1,0,1,0,8,8,23,6,9,22,9,21,7,14,4,14,1,1,1,2,4,12,2,0,0,0,0,0,0,0,1,1,2,1,6,3,4,0,4,8,15,6,1,0,3,4,2,0,1,2,1,23,37,0,21,30,4,2,1,3,1,2,3,6,2,1,3,1,0,0,4,1,2,1,1,41,2,12,1,1,0,Monocyte
AD1_GCTGGGTGTCCCTTGT.1,5,16,5,6,18,6,1,0,7,1,2,11,2,1,1,3,0,22,8,39,14,13,27,13,43,23,22,4,34,2,2,1,2,4,4,0,0,0,0,2,1,1,0,0,2,0,0,0,3,0,5,0,30,30,15,1,1,6,6,3,0,2,2,1,25,27,1,10,27,4,6,1,5,1,5,3,0,11,2,4,0,0,1,2,0,2,1,2,61,3,13,3,6,1,Monocyte
AD1_GGAAAGCCATCCCACT.1,4,2,1,6,2,1,0,0,3,1,1,2,3,0,2,1,0,20,8,32,14,15,19,10,45,10,22,6,33,0,1,0,0,1,4,1,4,3,0,1,0,4,0,0,1,2,0,3,9,0,0,1,6,4,7,1,0,3,2,0,0,0,0,1,7,12,0,13,30,1,0,0,1,2,5,1,2,2,2,2,1,1,1,0,0,9,0,0,22,2,10,0,3,0,Monocyte
AD1_GGCCGATCAACTGGCC.1,3,3,4,8,9,1,0,2,7,1,1,18,2,2,0,0,1,20,16,20,11,17,24,17,30,7,27,2,25,4,1,1,2,0,7,0,0,0,2,0,0,7,2,0,4,1,2,2,0,1,0,10,29,35,14,2,2,2,2,3,2,3,2,4,16,28,0,13,17,0,11,1,1,3,0,5,0,5,0,0,2,3,0,1,0,6,2,0,84,0,15,4,3,1,Monocyte
AD1_GTACTCCGTCCGTTAA.1,0,5,1,2,3,2,1,0,5,0,0,1,0,0,1,1,0,5,4,3,1,4,2,5,9,2,8,0,9,0,2,0,0,2,3,0,0,0,0,2,0,0,1,0,0,0,0,3,2,1,0,0,7,4,3,0,0,1,2,3,0,0,3,0,7,14,0,3,9,2,0,0,0,1,4,0,1,0,0,0,0,0,0,0,0,1,0,0,14,0,2,3,0,0,Monocyte
AD1_GTCAAGTAGCTAGCCC.1,4,5,2,1,3,3,2,0,3,0,1,3,1,1,1,1,1,13,3,19,9,7,14,7,31,8,15,1,18,0,3,0,0,2,5,2,0,2,2,0,1,4,0,0,0,0,0,2,0,2,1,1,15,7,7,0,0,1,2,0,1,1,0,0,17,14,0,9,12,1,8,1,3,0,0,5,1,3,0,2,4,2,0,1,0,1,1,0,33,2,9,1,3,0,Monocyte
AD1_GTCGGGTCATATGCTG.1,3,0,0,4,7,8,0,1,7,1,1,5,0,2,0,1,1,19,8,30,12,7,18,12,26,5,21,2,30,0,1,1,6,1,5,2,1,1,0,1,1,2,0,0,2,2,1,3,5,3,1,1,13,15,8,1,0,2,0,3,0,1,0,1,20,38,1,18,38,3,12,1,5,3,3,0,2,5,0,2,1,2,1,3,0,3,1,1,45,2,18,0,10,0,Monocyte
AD1_GTCTCGTCAGCTGCAC.1,7,12,3,8,12,1,1,0,4,1,0,15,1,0,0,1,1,9,5,12,10,9,18,5,17,4,15,2,21,2,6,0,0,3,11,1,0,0,1,1,0,1,0,2,2,1,1,0,0,2,0,3,30,43,15,1,0,2,1,2,0,1,0,0,11,19,0,7,12,0,3,1,1,1,1,2,0,7,1,3,0,0,1,1,0,8,1,0,93,0,14,1,2,0,Monocyte
AD1_GTTACAGTCAGCAACT.1,6,5,1,4,6,4,0,1,5,1,0,4,3,2,2,3,0,31,9,40,11,17,25,11,35,14,29,3,27,0,0,1,1,4,8,1,1,2,0,0,0,0,0,0,0,0,3,4,27,2,0,1,30,26,12,1,1,4,1,3,0,1,2,0,23,32,0,7,21,1,7,0,4,2,5,3,4,2,2,3,2,0,0,0,1,5,0,1,40,1,14,2,4,0,Monocyte
AD1_TCGCGTTAGCCGATTT.1,2,6,5,12,10,2,1,0,4,1,1,13,1,1,1,3,4,21,11,10,19,18,24,15,24,20,28,0,28,1,3,1,0,3,7,1,2,1,2,0,0,1,1,1,1,0,6,0,0,2,0,10,33,31,27,0,0,3,8,2,0,1,2,1,25,54,0,16,41,0,7,0,2,1,2,1,1,6,1,1,0,1,1,2,0,3,1,1,94,2,11,4,1,0,Monocyte
AD1_TCTCTAAAGTTAGCGG.1,5,7,0,8,9,2,0,0,4,1,0,8,2,1,0,5,3,14,10,14,9,8,9,5,32,11,10,4,21,2,3,0,2,1,8,0,1,0,1,0,0,4,1,0,2,0,0,0,0,1,0,7,37,30,19,2,1,3,3,6,0,1,0,1,15,20,1,10,42,0,14,2,2,4,4,0,1,12,0,5,0,0,0,5,1,2,0,2,94,1,10,3,2,1,Monocyte
AD1_TCTCTAATCGAGAACG.1,6,11,1,3,5,3,0,0,4,1,0,5,2,2,1,0,3,22,6,27,13,15,14,9,23,11,28,2,26,0,1,1,0,2,3,2,1,3,1,4,2,0,2,0,1,0,2,3,48,0,0,1,29,25,12,0,0,2,1,2,0,0,0,0,21,31,0,13,36,4,1,0,1,3,3,2,0,1,1,3,0,3,2,1,0,13,0,2,49,3,13,3,6,1,Monocyte
AD1_TGAGCCGAGTCAAGGC.1,3,8,3,9,12,3,0,1,2,0,1,4,2,0,1,1,2,18,7,21,14,12,15,5,24,13,18,4,38,0,4,0,0,1,7,1,0,1,1,0,0,2,0,0,0,2,2,1,0,3,0,13,26,20,13,2,0,6,1,1,1,1,0,0,15,47,1,6,36,0,7,1,0,2,0,1,2,13,1,1,0,1,0,2,0,2,0,0,73,2,12,1,3,0,Monocyte
AD1_TGCCCATGTTATCCGA.1,1,1,1,10,11,4,0,1,5,1,1,8,3,0,0,1,2,29,10,28,19,19,17,15,38,9,22,6,30,0,4,0,8,1,2,4,1,0,1,0,0,1,1,1,0,0,0,0,0,4,2,5,22,28,12,1,0,2,5,2,1,2,0,1,15,19,1,12,35,0,11,0,3,1,0,1,1,7,1,2,1,0,0,3,0,9,1,1,85,2,21,2,1,0,Monocyte
AD1_TGGTTAGTCTCTTGAT.1,5,2,1,3,2,4,0,0,6,1,0,2,0,0,0,0,1,10,6,10,10,6,6,6,19,1,12,0,14,1,3,1,2,1,12,0,0,1,0,1,1,0,0,0,2,0,1,3,27,0,0,0,10,13,11,1,1,0,1,1,0,0,3,0,16,25,0,8,12,1,2,0,2,0,2,1,2,4,0,7,0,1,0,0,0,1,1,0,27,0,3,2,2,0,Monocyte
AD1_TGTTCCGTCGCTGATA.1,1,6,0,6,4,10,0,0,5,1,1,9,0,1,0,0,0,21,10,22,15,14,20,14,26,14,22,2,20,1,2,1,3,4,5,1,1,0,1,1,1,1,2,0,0,2,1,1,7,3,0,2,16,19,7,1,0,5,5,1,0,0,2,3,18,21,0,13,35,4,11,0,1,1,4,2,4,5,0,0,2,0,0,4,0,4,0,1,25,0,17,2,3,0,Monocyte
AD1_TTGTAGGTCTGGCGAC.1,1,7,8,10,10,4,0,1,10,0,1,6,4,0,1,1,1,25,11,25,9,13,22,13,25,11,23,4,34,0,6,1,0,2,7,0,0,1,1,0,0,5,2,0,1,0,3,0,0,3,0,2,30,28,12,1,1,5,3,3,0,1,0,3,18,13,2,9,18,1,8,1,1,2,3,2,3,7,1,1,1,0,0,2,1,5,2,0,83,1,9,3,2,1,Monocyte
AD1_TTTATGCCATGCATGT.1,3,4,3,2,3,0,0,1,1,0,0,2,1,0,0,0,2,18,5,21,9,10,16,12,23,3,17,9,26,0,0,0,0,3,5,1,0,0,0,2,1,1,0,0,0,0,0,2,11,1,0,1,10,11,5,0,0,2,2,3,0,0,0,3,18,12,0,9,21,4,0,0,0,0,2,1,2,5,0,2,1,1,1,0,0,4,0,0,33,1,8,2,4,1,Monocyte
AD1_TTTATGCTCTGCAGTA.1,3,1,1,1,3,0,1,1,5,0,1,2,0,2,0,0,0,9,4,12,6,6,6,6,19,4,15,1,16,0,0,1,2,1,4,0,0,0,2,0,0,2,1,0,1,1,1,2,9,3,0,0,8,10,3,2,0,2,3,0,0,1,0,0,11,28,2,7,6,0,3,1,0,0,1,1,1,1,0,0,0,0,0,0,0,1,1,1,26,1,12,2,2,0,Monocyte
AD2_AAACGGGAGGCTCAGA.1,5,7,4,6,9,1,0,1,4,2,0,12,1,1,0,0,2,21,10,21,4,14,22,19,25,13,20,3,32,4,4,0,2,6,1,0,5,3,1,0,0,5,1,0,0,3,1,0,0,1,1,1,29,35,11,0,0,7,1,2,0,1,1,2,34,26,0,4,26,1,20,1,0,1,2,5,3,13,2,0,1,2,1,3,2,7,0,0,106,1,8,4,2,0,Monocyte
AD2_AGAATAGTCGCTTAGA.1,0,0,1,0,4,0,0,0,1,0,0,4,0,0,1,0,2,7,1,3,0,3,1,0,6,1,3,0,6,0,0,0,0,0,0,0,1,1,0,0,0,3,0,0,0,1,0,0,2,0,0,0,1,4,1,0,0,0,2,1,0,0,0,1,13,11,0,0,5,0,4,0,1,1,1,0,3,2,0,0,0,1,3,2,0,1,0,0,14,0,1,0,0,1,Monocyte
AD2_ATAACGCCACCACCAG.1,4,12,0,5,14,4,1,0,4,1,2,5,3,1,0,2,3,28,9,26,3,11,12,7,20,11,34,2,26,0,2,0,8,3,12,2,7,0,0,1,0,3,1,0,1,1,0,7,12,5,0,0,18,39,11,1,1,2,4,3,0,0,1,0,21,60,0,5,30,4,9,1,0,1,7,2,4,6,3,2,2,1,0,1,1,4,1,2,58,0,14,1,17,0,Monocyte
AD2_ATCACGATCGTTTGCC.1,4,5,1,1,1,3,0,2,6,0,0,3,0,1,0,0,0,10,3,4,3,2,1,4,12,0,7,1,13,0,1,0,1,2,6,1,11,0,0,0,2,9,1,0,0,2,0,1,1,1,0,0,5,8,3,2,1,1,2,0,1,0,0,0,12,18,0,2,19,0,5,0,1,1,0,2,8,2,1,1,1,1,0,1,0,7,0,0,24,0,9,1,5,0,Monocyte
AD2_CATTATCCAAGCGCTC.1,6,8,8,8,7,0,0,0,6,0,1,10,2,0,0,2,2,23,1,11,8,6,11,11,12,6,10,3,24,0,1,0,1,1,2,3,4,0,1,1,1,7,0,1,1,1,1,1,1,2,0,1,20,21,8,0,0,7,2,1,0,1,0,1,19,31,0,3,30,0,19,0,0,2,0,3,2,6,3,1,1,1,1,1,0,6,2,1,62,3,8,3,1,0,Monocyte
AD2_CGGCTAGAGCGTGAGT.1,5,8,1,7,0,1,1,1,3,0,0,3,1,0,0,0,2,22,1,18,5,14,23,6,30,9,19,2,38,3,0,0,4,4,3,0,5,0,2,1,4,4,1,0,0,0,1,1,3,5,1,0,10,24,16,1,0,6,7,1,1,1,0,2,21,38,0,10,25,2,6,2,0,0,5,0,1,7,3,1,3,1,3,4,1,1,0,1,40,2,6,4,8,0,Monocyte
AD2_CTCGGAGGTGAAAGAG.1,5,10,1,6,2,5,0,0,4,1,1,2,1,1,0,0,1,17,6,25,8,12,10,9,24,11,17,0,21,2,0,2,5,1,10,1,2,0,2,0,0,8,0,2,0,2,1,2,5,2,0,0,23,32,17,2,0,2,4,2,0,1,2,1,17,21,0,15,22,0,11,1,1,2,3,0,0,2,1,2,3,0,0,3,0,15,0,1,34,1,10,3,4,0,Monocyte
AD2_CTGCCTAAGCTCCCAG.1,3,2,6,5,0,2,0,1,3,0,1,7,2,0,0,0,1,14,0,18,1,1,13,6,2,2,8,2,24,0,1,0,0,0,2,1,0,1,0,1,0,0,0,0,0,1,0,1,0,3,0,0,5,17,3,0,1,9,3,1,0,1,2,1,14,17,1,10,33,0,17,0,1,0,4,3,2,10,1,2,0,0,0,1,0,6,1,0,55,0,5,0,2,0,Monocyte
AD2_GACGTGCTCAGCATGT.1,4,7,3,7,5,3,1,0,3,0,1,14,2,1,0,0,5,18,5,18,6,12,14,14,20,6,18,1,18,2,6,0,5,1,4,2,0,2,0,0,6,9,0,0,0,0,3,0,0,0,0,7,14,33,7,0,1,4,4,1,0,1,0,1,29,69,1,6,35,1,13,1,2,4,3,5,7,15,0,2,1,1,1,3,0,4,2,2,70,2,8,0,0,0,Monocyte
AD2_TGTATTCGTCTCTCGT.1,2,3,2,3,8,6,0,0,5,1,0,7,0,2,0,1,0,14,1,24,3,4,11,10,16,6,8,1,20,3,0,0,4,3,2,3,3,1,1,1,3,0,4,0,1,3,0,6,11,3,2,0,13,24,8,2,0,1,1,4,0,0,0,0,13,31,0,9,49,3,4,1,0,2,1,1,3,6,0,1,3,1,1,1,0,7,1,1,70,2,15,2,1,2,Monocyte
AD2_TTCGAAGAGCTGTTCA.1,3,5,1,9,6,8,1,1,3,2,2,7,2,1,0,2,0,22,4,31,3,12,23,6,33,11,30,1,26,1,3,0,3,4,6,0,0,0,1,4,1,6,1,0,1,0,0,1,3,3,4,0,20,39,21,0,1,6,8,2,0,2,2,1,17,33,1,8,36,5,11,1,2,1,5,4,0,7,0,4,1,2,1,3,0,3,2,0,53,1,13,2,5,0,Monocyte
AD2_TTCTCAAGTTACCAGT.1,5,7,2,4,7,1,0,1,4,0,3,7,0,1,0,0,1,22,3,22,5,9,8,12,22,6,7,1,22,1,1,3,0,3,6,1,11,2,0,0,0,2,0,0,2,3,0,1,19,1,1,0,8,23,20,1,2,1,4,2,0,0,2,1,15,32,1,6,58,4,9,0,0,2,2,4,6,8,1,4,1,3,3,1,2,14,0,1,61,1,7,0,7,0,Monocyte
AD3_AACACGTAGTGCCATT.1,5,12,3,6,5,3,1,2,4,0,3,6,5,0,1,1,0,32,4,43,6,24,13,18,44,16,32,5,39,0,1,0,5,4,11,0,4,0,1,1,6,2,1,1,0,1,2,1,14,5,2,7,36,26,8,0,1,2,1,1,0,0,2,1,34,43,0,9,39,2,9,0,0,2,2,0,7,4,0,3,2,2,0,2,0,8,0,1,26,2,17,5,21,0,Monocyte
AD3_AACCATGCACCAGTTA.1,1,7,1,4,8,2,0,1,2,0,2,3,1,1,1,1,1,20,6,29,3,10,11,11,33,9,28,4,21,0,1,1,5,3,11,4,3,0,1,2,0,1,0,0,0,3,2,2,27,3,0,0,21,12,15,0,0,1,0,2,0,0,0,3,9,24,0,3,28,4,12,1,0,1,1,0,1,1,1,3,0,1,0,2,1,5,1,0,22,1,10,2,3,1,Monocyte
AD3_AAGCCGCGTCTCCCTA.1,6,2,0,6,5,4,1,1,6,0,1,2,0,1,0,1,0,30,10,37,4,13,19,10,28,13,28,1,40,0,1,1,3,4,9,1,2,2,0,3,2,1,0,0,0,0,1,0,4,1,0,2,18,23,15,0,0,10,2,0,1,1,0,0,26,37,0,7,21,2,11,0,0,1,1,2,3,5,1,2,2,1,0,2,1,2,1,0,34,1,18,5,6,1,Monocyte
AD3_ACAGCTATCTGCCCTA.1,3,10,1,3,11,2,0,0,3,2,1,6,1,0,0,0,2,16,5,25,2,14,8,10,19,8,22,5,20,0,4,0,5,3,7,0,1,3,0,0,0,0,2,2,0,1,0,0,5,3,1,7,23,15,22,2,1,1,0,2,0,0,0,1,16,29,0,13,39,1,5,0,1,1,6,0,3,0,0,3,2,1,1,7,0,1,1,0,40,0,12,1,3,1,Monocyte
AD3_ACGCCGAGTCATATGC.1,4,5,2,8,5,2,0,0,2,0,0,9,2,3,1,1,4,12,3,15,3,11,8,10,12,8,9,1,20,2,3,0,0,1,6,0,3,2,0,0,0,4,0,0,1,0,0,0,4,2,1,2,15,10,8,0,1,1,1,1,1,0,0,0,10,23,0,4,13,0,23,0,1,4,1,2,4,11,0,1,1,0,0,2,1,5,0,0,35,2,6,1,4,2,Monocyte
AD3_ACGTCAATCACCGGGT.1,9,1,6,7,24,4,1,1,3,0,0,5,2,1,0,0,7,14,5,15,6,13,7,10,16,6,14,4,21,1,7,1,1,3,1,1,1,3,1,0,1,4,0,0,2,0,0,0,4,2,0,7,37,20,13,0,1,8,2,2,0,1,0,2,38,56,2,4,28,1,18,2,28,2,2,2,2,14,0,2,2,0,2,0,0,12,0,1,93,3,12,1,6,0,Monocyte
AD3_ACTGATGCAGTCAGAG.1,4,3,0,6,11,3,1,0,3,0,0,2,1,0,0,3,1,18,6,32,3,11,13,11,22,7,19,1,19,1,1,0,1,6,8,1,3,0,0,0,0,0,0,0,0,1,0,4,24,3,0,0,15,18,9,1,0,2,2,0,1,0,0,3,21,24,1,4,16,1,12,2,1,2,0,1,8,3,1,4,1,0,0,3,1,3,1,0,25,3,9,1,3,1,Monocyte
AD3_AGCTTGACACAGCGTC.1,5,5,0,4,7,4,2,0,2,2,1,8,2,1,1,2,0,28,4,36,3,13,14,14,30,11,27,3,32,0,1,0,13,3,4,1,2,1,0,2,2,2,0,0,0,2,1,5,11,4,0,0,9,24,13,1,1,2,4,0,0,2,1,1,8,17,1,10,12,1,15,0,0,5,0,4,1,0,0,2,0,2,1,3,0,4,1,0,22,3,14,6,2,0,Monocyte
AD3_AGGGAGTCAGTGGGAT.1,2,8,2,10,13,11,2,0,3,0,0,5,3,0,1,1,2,25,8,32,6,16,15,18,27,15,26,2,37,1,2,1,2,5,11,0,1,1,0,1,0,1,0,0,0,0,2,3,14,5,15,4,30,31,30,1,1,3,2,3,1,0,2,3,29,67,0,13,48,7,11,2,0,6,13,1,5,7,1,5,2,1,0,1,1,2,1,0,61,1,17,6,9,0,Monocyte
AD3_AGGGAGTGTGTTAAGA.1,4,2,1,6,4,1,0,0,1,0,0,8,1,1,1,1,2,10,2,12,3,6,4,10,16,6,11,1,13,1,2,0,0,3,8,0,1,1,1,0,0,2,0,1,0,0,0,0,1,2,0,2,10,6,7,0,1,2,1,0,0,2,1,3,18,16,0,3,18,0,14,0,1,2,0,1,6,5,0,0,1,0,0,1,0,2,1,0,32,2,8,0,2,0,Monocyte
AD3_CACCTTGAGTGTTTGC.1,0,1,0,5,14,2,0,1,3,0,0,1,3,0,0,0,0,19,0,26,3,10,9,9,34,2,10,2,21,1,0,3,3,1,6,1,1,0,0,1,1,0,0,0,1,1,2,2,11,0,0,3,8,6,5,1,0,2,2,0,0,1,3,0,12,15,1,3,18,1,11,0,1,0,2,0,2,4,0,2,1,0,0,1,0,4,1,1,30,1,10,0,3,0,Monocyte
AD3_CACTCCAAGTACACCT.1,3,7,1,0,10,4,0,0,3,0,0,3,0,1,1,2,0,12,6,15,4,9,8,9,17,8,13,2,19,1,1,0,2,4,5,0,1,2,0,0,1,0,0,0,0,0,0,5,1,2,0,0,17,21,15,1,3,2,3,1,0,1,1,0,10,11,1,7,23,2,14,0,0,0,1,1,0,1,1,3,2,0,0,2,0,0,1,3,65,1,6,5,4,0,Monocyte
AD3_CAGCTGGCAGATCCAT.1,1,0,0,0,3,5,0,1,5,0,1,1,0,0,0,1,0,11,1,11,4,9,6,3,21,5,22,0,28,0,0,0,3,3,7,0,0,0,0,3,0,1,0,0,0,0,0,4,2,1,0,0,13,15,6,0,0,2,2,0,0,1,0,1,16,15,0,4,16,1,5,0,3,2,0,0,1,0,1,2,0,2,1,0,0,0,0,0,13,3,7,1,1,0,Monocyte
AD3_CGTGTCTGTCACCTAA.1,5,0,1,4,5,7,1,4,6,0,1,4,4,0,1,1,3,20,12,34,7,21,13,8,40,16,35,2,30,0,1,0,4,5,2,1,1,1,0,1,2,14,0,0,0,0,1,1,4,2,0,1,25,18,17,0,0,4,0,2,0,0,1,2,24,25,0,6,23,1,12,0,0,1,3,1,0,9,0,2,2,3,0,5,1,6,1,0,37,1,25,0,4,0,Monocyte
AD3_CTCACACCAGAAGCAC.1,5,10,3,1,5,4,0,0,1,0,0,10,0,1,0,2,3,18,9,19,4,14,20,8,17,15,18,2,33,1,1,0,1,3,9,1,1,0,0,0,1,5,0,0,1,0,0,0,30,5,0,0,24,13,15,0,0,4,2,0,0,1,0,0,13,16,0,2,17,2,13,1,0,0,3,2,3,5,0,6,0,1,0,0,1,3,0,1,35,0,12,1,0,0,Monocyte
AD3_GACACGCCATACTACG.1,5,11,1,3,8,3,0,0,5,1,0,9,0,1,0,1,2,24,5,50,4,19,15,9,37,10,27,2,29,2,5,0,1,10,6,3,3,0,1,0,0,1,2,0,1,1,1,4,11,1,2,1,34,20,14,0,1,3,4,1,0,0,1,0,20,35,0,5,27,1,16,0,0,1,0,1,3,3,0,5,1,1,1,4,1,5,0,2,67,3,13,2,14,0,Monocyte
AD3_GAGGTGAAGAGCAATT.1,4,1,0,2,5,2,1,0,1,2,0,2,1,1,0,0,1,14,3,20,3,5,4,9,21,2,8,1,32,0,1,1,4,3,2,0,3,1,0,2,1,2,0,0,1,2,0,7,11,1,0,0,9,7,3,0,0,2,3,0,0,1,0,2,15,5,0,3,18,0,8,0,2,1,0,1,0,2,1,1,1,0,0,4,1,2,3,0,23,3,5,3,2,0,Monocyte
AD3_GAGTCCGTCCTTAATC.1,1,1,0,0,3,3,0,0,3,0,0,1,1,0,0,0,0,4,0,4,5,2,3,1,7,1,6,1,9,0,1,0,0,2,2,0,0,0,0,1,1,0,0,0,0,0,0,1,2,0,0,2,10,4,3,0,2,1,2,0,0,0,1,0,4,4,0,2,7,0,4,0,0,1,0,0,2,3,0,0,0,3,0,0,0,1,0,0,18,1,6,0,5,0,Monocyte
AD3_GATGAGGTCAGAGGTG.1,2,3,1,4,7,2,0,2,4,1,0,4,1,1,0,1,0,16,2,13,2,6,5,4,14,3,7,0,20,1,0,0,2,4,2,1,1,2,0,2,0,0,1,0,0,0,1,2,14,0,2,0,6,4,6,1,0,3,1,1,0,1,1,1,8,13,0,6,23,1,8,0,1,1,1,0,2,5,1,3,2,3,0,1,1,0,0,1,35,0,2,2,1,0,Monocyte
AD3_GCTTCCATCAACGAAA.1,4,11,4,3,8,4,0,1,4,1,0,9,2,0,0,0,1,26,1,26,1,9,11,10,32,13,14,1,33,0,2,0,1,3,4,0,1,1,0,0,2,0,0,1,1,0,2,5,12,0,0,4,11,21,11,0,1,4,2,1,1,1,2,0,15,16,1,12,21,3,16,0,0,1,3,0,1,3,0,0,0,0,1,1,0,4,1,0,41,0,7,1,8,0,Monocyte
AD3_GGGAATGTCTGAAAGA.1,2,0,0,0,2,0,0,1,1,0,1,3,0,0,0,0,0,13,4,10,3,4,4,7,9,3,9,0,19,0,0,0,0,0,2,1,0,0,0,1,0,0,0,0,1,1,0,4,3,0,0,0,4,5,3,0,0,1,3,0,0,1,0,1,4,18,0,1,9,1,5,0,0,1,1,2,0,2,1,1,1,0,0,0,0,2,1,0,10,0,7,2,4,1,Monocyte
AD3_GGGCATCTCCCTTGTG.1,5,1,1,3,9,4,1,2,8,1,1,3,0,3,2,2,1,21,7,22,7,5,15,12,34,7,26,2,24,0,2,0,9,4,4,0,1,0,2,2,0,3,1,0,1,1,0,3,17,0,0,1,22,19,14,2,0,3,4,0,0,1,1,0,16,28,1,11,16,2,13,2,0,1,3,2,2,6,0,2,1,2,1,0,0,6,0,0,50,1,11,4,2,0,Monocyte
AD3_GGTGCGTAGCTAGTTC.1,5,9,1,6,4,3,2,1,5,0,0,4,3,0,0,0,1,35,7,32,3,19,25,10,31,18,36,4,46,0,2,0,1,9,8,3,2,0,0,0,4,20,0,1,0,1,1,3,11,6,1,1,21,25,34,0,1,3,3,1,0,0,0,0,27,23,0,9,49,3,11,1,0,0,4,5,3,11,1,1,3,1,2,1,0,22,0,0,52,2,15,1,7,0,Monocyte
AD3_GTAGTCATCACGATGT.1,4,5,5,4,14,4,0,1,5,1,2,4,0,5,1,5,1,32,12,38,4,17,23,7,45,21,27,5,31,0,2,1,4,5,12,0,1,0,0,0,1,0,0,2,0,1,2,5,18,4,0,3,17,19,26,0,1,2,3,0,0,2,0,1,29,53,1,7,31,3,14,0,0,3,2,0,4,4,2,3,2,1,0,2,0,14,2,0,55,4,22,4,11,0,Monocyte
AD3_GTGCTTCCACGTCTCT.1,4,4,1,3,6,0,1,1,4,0,0,3,0,0,0,0,1,12,4,19,2,7,6,11,28,6,12,2,30,1,2,0,7,5,5,2,8,0,0,1,1,6,0,0,1,0,0,4,0,3,1,0,13,18,7,1,1,1,2,1,0,2,0,0,11,16,0,4,20,0,16,1,1,0,1,3,0,6,0,1,1,1,0,3,0,4,1,2,40,1,4,2,3,1,Monocyte
AD3_TAGTTGGAGTGTCCCG.1,2,4,0,2,8,3,0,1,2,0,1,5,0,0,0,0,1,21,2,31,3,9,8,6,23,6,14,4,36,0,0,1,1,3,3,0,0,0,1,0,0,0,1,0,0,3,0,3,5,1,0,1,9,11,4,0,0,3,2,2,0,1,2,1,9,8,1,2,27,2,4,0,0,1,2,1,1,1,0,1,0,0,0,1,1,0,1,1,25,3,14,0,1,0,Monocyte
AD3_TCCCGATCAATAGCAA.1,1,12,1,3,8,4,0,1,4,1,1,3,1,2,0,2,0,23,3,15,4,7,15,3,23,9,16,0,22,1,1,0,1,1,6,1,2,0,0,2,0,3,0,0,0,0,0,5,39,3,0,0,11,14,13,2,1,0,4,1,0,0,0,0,12,13,0,5,25,3,11,0,0,2,1,1,3,4,2,0,0,0,0,1,0,8,0,1,23,0,10,4,3,0,Monocyte
AD3_TCGAGGCGTAGAGCTG.1,0,3,0,1,2,1,0,0,0,0,0,1,1,0,0,0,0,6,0,3,1,2,0,3,6,1,6,0,8,0,0,0,0,2,1,0,0,1,0,0,0,0,0,0,0,0,0,2,3,1,0,0,1,4,2,0,0,2,1,0,0,0,0,0,4,4,0,0,10,1,4,1,0,0,1,0,0,2,0,1,1,0,0,0,0,3,0,0,10,0,5,0,0,0,Monocyte
AD3_TGACGGCGTGGAAAGA.1,3,2,7,12,15,1,0,1,5,0,2,7,2,1,1,1,2,15,6,17,4,7,24,10,18,12,13,3,26,2,0,1,2,2,12,0,8,4,0,0,1,3,0,0,1,1,0,0,0,3,0,4,39,23,20,1,3,7,3,2,0,2,1,2,19,40,0,18,36,0,33,1,2,3,4,0,3,11,1,3,1,1,0,1,0,10,3,0,127,3,16,1,1,0,Monocyte
AD3_TGAGAGGGTTCCACAA.1,0,2,1,2,7,5,0,1,2,0,0,8,1,0,0,1,1,16,1,23,6,14,9,9,29,4,17,1,21,1,1,0,4,2,4,0,2,1,1,3,1,8,0,0,0,2,1,3,6,2,0,2,11,9,4,0,0,3,8,2,0,1,0,1,27,26,0,5,11,0,9,0,0,1,0,3,0,1,0,2,1,1,0,0,0,7,2,1,26,1,5,0,4,1,Monocyte
AD3_TGAGCATCAACGATGG.1,6,5,2,3,6,1,1,2,3,1,1,2,2,1,0,3,0,16,4,21,5,10,8,8,28,18,25,2,22,0,2,0,2,3,6,1,4,0,0,1,1,4,1,0,0,0,1,6,13,1,0,1,12,17,9,1,1,4,1,1,1,0,1,1,10,21,0,2,12,2,12,0,0,0,2,0,1,0,0,1,4,2,0,0,0,6,0,1,14,2,8,2,2,0,Monocyte
AD3_TGGCGCACACAACGCC.1,4,5,3,4,7,5,0,1,2,0,1,5,1,0,1,0,1,42,8,53,11,20,32,18,53,26,47,4,47,0,4,1,0,1,8,2,6,1,0,1,2,3,0,1,0,1,1,3,14,0,0,2,32,25,19,2,3,5,3,3,1,0,0,2,28,22,2,7,23,2,11,1,1,3,1,1,2,7,1,3,1,3,0,4,0,8,2,0,55,2,8,2,5,0,Monocyte
AD3_TTCCCAGCATCCCATC.1,3,4,5,3,8,0,2,3,6,0,0,5,2,1,1,1,0,34,2,42,4,16,22,12,44,17,21,3,28,2,0,0,2,5,14,2,0,4,0,1,0,3,1,0,2,0,0,1,37,0,0,0,22,17,18,1,0,3,1,0,0,1,4,0,21,27,1,9,29,4,20,2,6,0,12,0,5,5,0,3,1,4,3,4,1,4,1,0,38,4,17,0,8,0,Monocyte
AD3_TTCGAAGTCTTTAGGG.1,1,5,2,0,4,0,0,1,1,0,1,3,1,0,0,0,0,10,2,4,3,6,4,5,10,1,3,1,7,0,0,1,1,2,2,1,1,1,0,2,0,0,0,0,0,0,0,1,5,2,0,0,2,5,1,0,0,0,2,0,0,0,1,0,4,13,0,1,9,0,0,1,3,0,1,0,1,2,0,0,0,1,0,0,0,1,1,0,18,0,3,1,2,1,Monocyte
AD3_TTGGCAATCAGAGACG.1,5,0,0,8,11,1,0,0,1,1,0,12,1,0,0,0,2,12,2,13,8,5,5,14,16,1,5,0,18,1,2,0,0,1,2,0,3,0,1,0,2,6,1,0,1,1,0,1,6,1,0,4,26,24,8,0,0,7,4,2,1,1,0,0,9,31,0,2,40,0,43,2,3,3,4,0,1,8,0,1,2,1,0,2,1,4,0,0,78,1,13,2,2,0,Monocyte
AD3_TTTGCGCCACACTGCG.1,3,3,1,1,4,3,0,2,3,0,0,3,1,0,0,0,3,12,2,25,2,11,2,6,19,2,12,0,17,0,0,0,5,2,0,1,0,0,0,0,0,2,0,0,0,0,0,3,5,2,0,1,14,13,11,1,0,3,5,2,1,1,0,1,13,13,0,11,28,1,3,0,0,0,6,1,0,3,1,2,1,1,0,1,0,4,2,0,30,1,4,4,1,0,Monocyte
NC1_AAAGATGAGAGACTTA.1,2,0,1,3,13,1,0,0,3,1,0,2,0,0,0,0,1,33,4,30,6,17,11,7,28,6,23,2,36,0,1,0,2,0,1,0,4,1,0,2,0,2,0,0,0,0,0,0,0,0,0,0,19,35,20,0,1,0,3,1,0,0,0,5,36,6,0,2,33,3,4,0,2,0,1,0,4,11,0,0,0,1,0,1,0,0,0,2,59,0,10,0,0,0,Monocyte
NC1_AACGTTGGTTCCACTC.1,1,0,0,1,14,0,0,0,3,0,0,2,0,0,0,0,1,15,5,16,6,4,4,4,20,10,6,4,11,0,0,0,2,0,0,0,2,0,0,0,1,0,0,0,0,0,0,0,0,0,1,0,11,33,15,0,0,0,2,0,0,1,0,2,23,1,0,2,18,0,0,0,0,0,1,0,6,16,0,0,0,0,0,1,0,1,0,0,100,0,12,0,2,0,Monocyte
NC1_AACTGGTCACTTAAGC.1,0,0,0,2,10,5,0,1,5,0,0,2,0,0,0,0,1,11,0,14,1,11,3,4,18,2,8,1,13,0,2,0,1,0,0,2,6,1,0,0,4,0,0,1,0,0,0,1,1,0,11,0,18,36,14,0,0,2,2,1,0,1,0,2,29,7,0,2,13,0,3,0,1,0,1,0,6,10,0,0,0,1,0,0,0,0,0,0,67,2,6,0,0,0,Monocyte
NC1_AAGGTTCCACGCATCG.1,0,0,1,2,13,0,0,0,0,0,0,1,0,0,0,0,0,8,1,13,5,1,4,3,16,4,9,0,13,0,1,0,1,0,1,0,4,0,0,0,1,3,0,0,0,0,0,0,0,0,3,0,16,27,11,0,0,1,2,0,0,0,0,7,31,8,0,1,13,0,2,0,0,0,0,0,6,5,1,0,0,0,0,0,0,0,0,0,56,1,6,0,1,0,Monocyte
NC1_AAGTCTGCACCCAGTG.1,0,0,0,0,13,0,0,1,2,0,0,1,0,0,0,0,0,19,0,9,2,2,0,4,19,4,8,0,16,0,0,0,2,0,1,0,8,0,0,0,1,1,0,0,0,0,0,0,0,1,1,0,6,11,8,0,0,0,3,1,0,0,0,1,13,7,0,0,7,0,2,0,0,0,1,0,1,7,0,0,0,0,0,1,0,0,0,0,69,1,6,0,0,0,Monocyte
NC1_AATCGGTCACATGGGA.1,0,0,1,0,12,0,0,0,4,0,0,1,0,0,0,0,1,14,3,11,4,6,3,4,5,3,6,2,13,0,0,0,2,0,0,0,4,0,1,0,1,2,0,0,0,0,0,0,0,0,4,0,3,25,15,0,1,0,0,1,0,1,0,0,12,0,0,1,16,0,2,0,0,0,0,0,5,13,0,0,0,0,0,1,0,1,0,0,76,2,7,0,0,0,Monocyte
NC1_ACGATACAGGGCACTA.1,1,3,2,0,4,0,0,0,2,1,0,0,2,0,0,1,0,11,4,13,4,8,5,6,18,6,18,3,24,0,0,0,1,1,2,1,2,0,0,0,8,0,0,0,0,0,0,2,0,0,0,0,9,21,14,0,0,0,2,1,0,0,0,1,13,6,0,3,21,1,1,0,0,0,1,0,8,6,0,0,0,1,0,1,0,0,0,0,53,0,11,1,2,0,Monocyte
NC1_ACGATACTCCGTAGTA.1,0,0,0,1,19,0,0,1,5,0,0,2,0,0,0,2,0,18,5,13,3,10,5,6,15,4,10,0,13,0,1,0,0,0,0,0,3,0,0,0,0,1,0,0,0,0,0,0,1,1,2,0,6,25,13,0,0,0,1,0,0,0,0,1,25,1,1,2,16,0,3,0,0,0,0,0,6,10,2,1,0,0,0,1,0,1,0,0,88,0,6,0,2,0,Monocyte
NC1_AGATTGCTCTGTTGAG.1,0,1,0,0,9,0,0,0,0,0,0,2,0,0,0,0,0,16,0,15,9,7,3,3,15,2,11,0,12,0,0,0,0,0,1,0,0,0,1,0,2,0,0,0,0,0,0,0,0,0,2,3,7,19,13,0,0,0,3,1,0,0,0,2,19,0,0,2,20,0,3,0,0,0,1,0,9,6,0,1,0,1,0,0,0,1,0,0,56,0,4,0,1,0,Monocyte
NC1_AGCGTATTCTTAGAGC.1,2,0,2,2,17,1,0,0,2,0,0,3,0,0,0,1,1,9,3,6,3,4,3,2,10,4,3,0,9,0,1,0,2,1,2,0,6,1,0,0,1,1,0,0,0,0,0,0,6,2,2,0,8,25,12,0,0,0,1,1,0,2,0,6,19,4,0,1,11,0,1,0,0,0,0,0,10,8,0,1,0,0,0,0,0,1,0,2,69,1,4,1,2,0,Monocyte
NC1_AGCGTCGGTTGGTGGA.1,2,0,1,1,6,0,0,0,0,0,0,1,0,0,0,0,0,5,1,5,0,4,0,6,1,1,3,0,3,0,0,0,0,0,0,0,0,1,0,0,0,0,0,0,0,0,0,0,0,0,0,0,7,7,5,0,0,1,1,0,0,0,0,0,10,0,0,0,4,0,0,0,0,0,1,0,2,3,0,0,0,0,0,0,0,0,0,0,32,1,2,0,1,0,Monocyte
NC1_AGCTTGAAGTCTCGGC.1,2,2,0,0,10,0,0,0,2,0,0,3,1,0,0,0,0,8,2,17,7,3,1,6,13,3,4,0,14,0,0,0,0,1,0,2,2,0,0,0,1,1,0,0,0,0,0,3,1,1,3,0,8,17,16,1,0,0,2,0,0,0,1,0,19,11,0,3,16,0,2,0,0,0,1,0,7,5,0,1,0,0,0,0,0,1,0,0,72,0,6,0,3,0,Monocyte
NC1_AGTTGGTGTCTAGCCG.1,1,1,1,1,14,0,0,0,4,1,0,1,2,0,0,0,1,30,4,28,4,9,6,6,35,9,20,0,46,0,0,0,2,0,6,0,6,0,0,0,6,2,0,0,0,0,0,0,3,3,0,2,4,24,18,1,0,0,2,0,0,0,1,4,33,4,0,1,33,2,1,0,0,0,0,0,4,7,0,0,0,0,0,0,0,2,0,0,58,0,11,0,1,0,Monocyte
NC1_ATAACGCAGACAAGCC.1,0,0,0,0,11,0,0,1,1,0,0,1,1,0,0,0,1,5,6,14,5,7,3,6,14,5,14,3,18,0,0,0,5,0,0,0,7,0,0,0,0,0,0,0,0,0,1,1,1,0,2,0,9,23,19,0,0,0,2,0,0,0,0,3,27,3,0,2,9,0,1,0,0,0,0,0,8,10,0,1,0,0,0,0,1,2,1,0,87,3,6,0,2,0,Monocyte
NC1_ATCTGCCAGCACCGTC.1,0,0,0,1,6,0,0,0,3,0,0,1,0,1,0,0,0,18,1,6,2,3,1,4,23,5,12,4,16,1,1,0,4,1,2,1,4,0,0,0,2,0,0,0,0,0,0,0,6,2,4,0,10,36,35,1,0,0,4,0,0,2,0,2,24,5,0,2,16,0,0,0,0,0,0,0,4,10,0,2,0,0,0,2,1,1,1,1,79,0,5,0,0,0,Monocyte
NC1_ATTGGTGAGTGTTGAA.1,1,8,3,5,12,1,0,0,1,1,0,3,0,0,0,0,0,17,3,17,4,3,2,5,10,4,7,1,21,0,0,0,4,0,5,0,2,1,0,1,6,0,0,0,0,0,0,1,9,1,5,3,7,23,20,0,0,2,2,1,0,0,0,2,26,7,0,3,44,0,3,1,0,1,0,0,15,15,1,0,0,0,0,0,0,1,0,0,103,1,10,0,1,0,Monocyte
NC1_CACAAACAGACTAGGC.1,0,0,1,1,19,2,0,0,3,0,0,3,0,0,0,0,0,9,1,12,3,9,2,6,19,7,6,1,17,0,0,0,2,0,2,0,2,1,0,0,4,0,0,0,1,0,0,0,1,1,1,0,11,31,19,0,0,0,1,0,0,1,0,3,18,4,0,0,22,0,2,0,0,0,0,0,6,11,0,0,0,0,0,3,0,3,0,0,73,0,4,0,0,0,Monocyte
NC1_CAGAATCTCACTTCAT.1,3,1,0,1,4,1,0,0,4,0,0,5,2,1,0,0,0,11,2,10,5,3,2,2,17,6,15,2,14,0,1,0,0,0,2,0,3,0,1,0,3,0,0,0,0,0,0,1,0,1,0,0,13,28,25,0,0,0,2,0,0,1,0,4,19,6,0,0,20,1,1,0,0,0,0,0,7,3,0,2,0,0,0,0,0,1,0,0,50,0,5,2,1,0,Monocyte
NC1_CAGAGAGAGTGGTAAT.1,0,1,3,4,10,0,0,0,4,0,0,0,1,0,0,0,2,6,2,8,4,9,0,2,12,8,9,0,8,0,1,0,0,1,1,1,3,0,0,1,2,2,0,0,0,0,1,0,0,0,2,0,10,22,10,0,0,0,3,0,0,0,0,1,19,4,0,2,33,0,2,0,2,0,1,0,8,6,0,0,0,0,0,0,0,1,0,0,51,1,6,0,4,0,Monocyte
NC1_CAGTAACAGAGAGCTC.1,0,0,1,1,15,0,0,0,2,0,0,0,0,0,0,0,1,21,0,13,3,7,2,5,17,5,4,1,16,0,5,0,0,1,0,0,4,0,0,0,2,0,0,0,0,0,0,1,0,1,3,1,7,16,11,1,0,0,2,0,0,0,0,6,20,5,0,4,8,0,1,1,0,0,0,0,3,12,0,0,0,0,0,0,0,0,0,0,52,0,3,0,2,0,Monocyte
NC1_CATCGAAGTTGACGTT.1,0,1,2,2,13,0,0,0,0,0,0,3,0,0,0,0,0,8,3,10,7,8,2,8,12,5,9,1,16,0,0,0,2,0,1,0,5,1,0,0,1,0,0,0,0,0,0,0,0,3,1,0,10,20,14,1,0,0,2,2,0,0,0,5,26,1,0,1,13,0,2,0,0,0,0,0,12,7,0,0,0,0,0,0,0,0,0,0,66,0,7,0,0,0,Monocyte
NC1_CATGCCTAGGAATTAC.1,0,0,0,0,13,2,0,0,3,0,0,2,1,0,0,0,0,15,3,27,4,5,9,3,34,6,23,3,35,0,0,0,0,0,2,1,1,1,0,0,3,0,0,0,1,0,0,1,1,1,6,0,11,29,13,0,1,0,0,0,0,1,1,4,25,14,0,1,18,2,3,0,0,0,0,0,17,0,1,2,0,0,1,0,0,0,0,1,48,0,10,0,1,0,Monocyte
NC1_CCATGTCTCCCAAGTA.1,1,0,1,0,10,0,0,0,6,0,0,0,0,0,0,1,0,11,3,16,3,5,1,4,16,2,12,3,21,0,1,0,1,0,0,0,1,0,0,0,1,2,0,1,0,0,0,0,0,1,4,0,10,12,8,0,0,0,1,0,0,0,0,1,17,0,0,1,17,0,1,0,0,0,0,0,4,9,0,1,0,0,1,0,0,0,0,0,79,2,9,0,1,0,Monocyte
NC1_CCGGTAGTCGGGAGTA.1,0,1,1,0,4,1,0,0,1,0,1,2,2,0,1,0,0,17,3,18,5,6,2,7,12,4,11,1,18,0,0,0,0,0,3,0,3,0,0,1,2,2,0,0,2,0,0,1,0,1,0,0,8,23,15,0,0,0,0,0,0,0,0,3,26,11,0,0,34,2,0,0,0,0,1,1,3,5,0,0,0,1,0,1,0,1,1,0,46,0,10,0,1,0,Monocyte
NC1_CCTTTCTGTGAGGCTA.1,1,0,0,3,12,1,0,0,1,0,0,4,1,0,0,0,0,11,4,14,3,3,3,3,17,7,11,0,20,0,2,0,0,0,1,0,3,1,0,0,1,2,0,0,0,0,0,0,0,0,2,4,8,33,19,0,0,0,2,0,0,0,0,1,30,2,0,0,7,0,2,0,0,0,0,0,1,16,1,2,0,1,1,1,1,1,0,0,95,0,10,0,1,0,Monocyte
NC1_CGAGCACTCAAGGCTT.1,3,4,0,1,9,1,0,1,3,0,0,2,2,0,0,0,0,15,5,39,6,12,6,12,26,9,22,3,28,0,0,0,0,2,1,1,6,0,0,0,4,1,0,0,0,0,0,2,2,0,2,0,7,28,22,0,0,2,3,0,0,0,0,2,32,7,0,5,21,2,3,0,0,1,0,0,7,8,1,0,0,1,0,2,0,0,0,0,68,2,8,0,2,0,Monocyte
NC1_CGCTTCAAGAGGTAGA.1,0,0,0,1,14,2,0,0,2,0,0,5,1,0,0,0,1,17,3,14,0,4,5,7,17,6,12,0,22,1,0,0,0,0,0,0,0,2,0,0,2,1,0,0,0,0,0,0,1,0,4,2,11,29,21,0,0,0,1,1,0,0,0,0,16,1,0,2,24,0,5,0,0,0,0,0,5,21,0,1,0,0,0,0,0,0,0,0,78,1,10,0,0,0,Monocyte
NC1_CGGACGTGTCAGAATA.1,0,0,1,1,15,2,0,0,3,1,0,3,0,0,0,0,0,14,8,20,3,7,3,11,25,5,16,2,26,1,2,0,3,0,0,0,11,0,0,0,4,2,0,0,0,0,0,1,2,0,8,3,11,38,26,0,0,0,0,1,0,0,0,1,35,6,0,4,33,0,1,0,0,1,0,1,15,14,1,1,0,0,0,2,0,1,0,0,131,1,9,0,1,0,Monocyte
NC1_CTCACACCATGGTCAT.1,0,2,1,0,7,0,0,0,1,0,0,5,0,0,0,1,1,10,2,7,7,6,0,10,19,3,5,2,8,0,0,0,0,0,1,0,3,0,0,0,1,0,0,0,0,0,0,0,2,0,0,0,8,20,9,1,1,1,1,0,0,0,1,3,11,5,0,1,17,0,2,0,0,0,0,1,6,18,0,0,0,0,0,1,0,1,0,1,70,0,6,0,0,0,Monocyte
NC1_CTCTACGTCGGGAGTA.1,0,1,1,1,9,0,0,0,5,0,0,0,1,0,0,2,1,30,7,27,3,10,5,9,30,7,21,3,27,0,0,0,0,0,0,0,0,0,0,0,3,3,0,0,0,0,0,0,3,1,7,0,9,21,23,1,0,2,0,1,0,2,0,0,23,3,0,2,21,1,1,0,0,0,1,0,1,4,0,1,0,1,0,2,1,1,0,1,59,0,10,0,3,0,Monocyte
NC1_CTGAAACAGGTCGGAT.1,0,1,0,0,10,0,0,0,4,0,1,0,0,0,0,0,2,21,3,23,3,7,6,5,17,6,15,0,29,1,0,0,4,3,0,0,2,0,0,2,1,0,0,0,0,1,1,1,0,1,1,3,6,29,21,0,0,0,3,3,0,0,0,5,17,5,0,2,22,2,0,1,0,0,1,0,5,6,0,1,0,3,1,0,0,0,1,0,59,0,9,0,2,0,Monocyte
NC1_CTGGTCTGTCCGACGT.1,1,1,1,1,22,2,0,0,2,0,0,1,1,0,0,0,0,6,4,8,2,3,1,4,18,4,4,0,9,0,2,0,1,0,0,1,15,0,0,0,1,2,0,0,0,0,1,0,1,0,0,0,14,19,13,1,0,0,2,1,0,0,1,3,23,2,0,2,11,0,0,0,0,0,0,0,4,8,0,0,0,0,0,2,0,0,0,0,58,1,8,0,3,0,Monocyte
NC1_GAACATCGTAAGAGAG.1,0,0,0,1,30,0,0,0,1,0,1,1,0,0,0,0,3,4,2,6,4,1,0,5,8,3,6,0,6,0,0,0,0,0,2,0,6,0,0,0,2,3,0,0,0,0,0,2,14,2,0,0,11,15,17,0,1,4,0,0,0,0,0,3,19,5,0,2,10,0,1,0,3,1,0,0,10,8,0,0,0,0,0,1,0,2,0,0,32,0,1,0,2,0,Monocyte
NC1_GACGTTACATATGCTG.1,0,3,2,2,11,1,0,0,1,0,0,3,2,0,1,1,0,22,0,19,2,6,2,8,28,13,12,1,32,0,1,0,7,0,2,1,6,0,0,0,2,4,0,0,0,0,1,2,8,2,1,1,7,34,21,1,0,2,2,0,0,0,0,6,32,7,0,3,20,1,0,0,1,0,0,1,5,5,0,2,0,0,0,1,0,1,0,0,67,0,10,0,2,0,Monocyte
NC1_GAGCAGAAGTGAACGC.1,3,1,1,3,15,0,0,0,4,0,0,0,1,0,0,1,1,14,4,14,2,9,5,6,15,8,21,0,22,0,4,0,0,0,2,1,15,0,0,0,1,3,0,0,0,0,0,0,1,1,0,0,13,37,19,0,0,2,2,0,0,0,0,2,26,6,0,1,24,1,2,0,0,0,0,0,5,11,0,1,0,0,0,2,0,0,0,0,73,0,7,0,1,0,Monocyte
NC1_GCATGCGAGAAGGTTT.1,5,0,0,3,16,0,0,1,4,0,0,0,1,0,0,1,0,12,1,17,2,10,2,3,22,7,6,0,16,0,4,0,1,0,1,1,2,0,0,0,2,0,0,0,0,0,0,0,0,1,3,3,11,28,11,0,0,0,2,0,0,0,0,3,24,2,0,3,20,0,2,1,0,0,0,0,3,17,0,0,0,1,1,0,0,1,0,0,96,0,6,0,2,0,Monocyte
NC1_GCATGTATCCAAACAC.1,3,0,3,1,7,1,0,0,1,0,0,3,0,0,1,0,0,11,6,15,2,1,6,8,21,3,13,0,28,0,1,0,1,0,4,0,12,0,0,0,2,0,0,0,2,0,0,1,0,0,0,0,17,29,17,0,1,0,2,0,0,3,0,2,37,4,0,0,35,0,3,0,0,0,0,1,16,13,0,0,0,0,0,2,0,1,1,1,75,2,3,0,0,0,Monocyte
NC1_GGAATAAAGAAGGGTA.1,1,0,1,0,12,0,0,0,2,0,0,1,2,0,0,0,0,9,5,21,1,7,4,6,12,2,4,0,12,0,0,0,1,0,1,0,5,0,0,0,0,1,0,0,0,0,0,1,1,0,0,0,4,24,13,0,0,0,3,2,0,0,0,1,32,3,0,1,13,0,4,0,0,0,0,0,6,13,0,1,0,0,0,1,0,0,0,0,78,0,5,0,1,0,Monocyte
NC1_GGACGTCAGTGGGTTG.1,1,0,0,2,9,0,0,0,4,0,0,1,1,0,0,0,1,15,4,24,2,10,6,8,17,7,13,1,13,0,1,0,3,1,1,2,7,2,0,0,2,0,0,0,0,1,0,0,1,1,3,2,12,31,25,0,0,1,2,0,0,1,0,5,31,3,0,8,16,0,2,0,0,0,0,0,9,15,0,1,0,0,0,0,0,2,0,0,95,2,6,1,0,0,Monocyte
NC1_GGGACCTCAAGCCGTC.1,1,0,2,2,16,1,0,0,4,0,1,4,1,0,0,0,0,21,5,14,5,8,6,10,20,6,7,4,16,0,0,0,0,1,1,0,8,0,0,1,1,0,0,0,0,0,0,1,0,0,0,5,11,25,28,0,0,0,2,2,0,0,0,4,21,3,0,2,18,0,0,0,0,0,0,0,6,16,1,2,0,0,0,1,0,1,0,0,113,0,12,0,3,0,Monocyte
NC1_GGGTCTGAGTTACCCA.1,1,1,2,0,22,0,0,0,3,0,0,2,1,0,0,0,0,16,3,8,4,7,1,7,10,6,9,1,15,0,1,0,0,1,0,0,5,0,0,0,2,4,0,0,0,0,0,0,2,0,3,0,11,27,23,0,0,1,0,0,0,0,0,3,22,2,0,0,15,0,1,0,1,0,0,0,10,17,0,1,0,0,0,2,0,1,0,0,70,1,7,0,1,0,Monocyte
NC1_GGTGCGTGTTGGGACA.1,0,2,0,0,8,0,0,0,0,0,0,0,1,0,0,0,0,16,0,15,3,7,2,4,10,1,6,0,13,0,0,0,0,0,0,0,2,0,0,0,1,0,0,0,0,0,0,1,0,0,0,1,1,6,1,0,0,0,1,0,0,0,0,0,1,0,0,3,13,0,0,0,0,0,0,0,0,2,0,0,0,0,0,0,0,0,0,0,24,0,3,0,1,0,Monocyte
NC1_GTCAAGTAGGAGCGAG.1,0,0,0,0,15,0,0,0,2,0,1,1,0,0,0,0,1,8,1,18,3,5,2,5,18,4,3,1,23,0,0,0,0,1,0,0,8,1,0,0,4,0,1,0,0,0,0,0,1,0,4,4,9,22,24,0,0,1,1,0,0,0,0,0,23,3,0,2,25,0,1,0,0,0,1,0,9,5,0,0,0,0,1,0,0,1,1,0,84,0,6,0,0,1,Monocyte
NC1_GTCTCGTAGATGGGTC.1,1,0,1,2,13,3,0,1,4,0,0,0,1,1,0,0,0,17,1,15,2,2,6,6,7,3,7,1,13,0,2,0,1,1,0,1,10,0,0,0,1,1,0,0,0,0,0,1,0,4,1,1,8,18,9,0,0,1,1,1,0,2,0,0,18,7,0,5,19,0,5,0,0,0,0,0,3,9,0,1,0,0,0,1,0,0,1,0,55,0,6,0,1,0,Monocyte
NC1_GTGCTTCCAAAGCAAT.1,2,0,1,1,19,0,0,0,2,0,0,2,0,0,0,1,0,18,4,15,6,8,0,7,20,2,9,2,20,0,2,0,5,0,0,1,0,0,0,0,2,0,0,0,0,0,0,0,0,0,5,0,15,33,12,0,0,1,0,0,0,0,0,3,14,2,0,4,5,0,1,0,0,0,1,0,0,14,1,1,0,0,0,1,0,1,0,0,81,1,7,0,0,0,Monocyte
NC1_GTGTTAGAGGGTCGAT.1,0,1,0,1,6,0,0,0,3,0,0,1,0,1,0,0,0,5,0,9,1,2,1,5,5,3,2,0,14,0,1,0,0,1,0,0,3,0,0,0,0,0,0,0,0,0,0,0,0,1,0,0,8,16,6,0,0,2,0,0,0,0,0,0,16,0,0,4,10,1,0,0,0,0,1,0,1,7,0,0,0,0,0,0,0,1,0,0,74,0,6,0,0,0,Monocyte
NC1_TAAACCGAGGGTGTGT.1,0,0,0,1,14,1,0,0,1,0,1,1,1,0,0,0,1,13,2,3,3,6,2,8,19,9,13,0,15,0,0,0,1,0,0,0,0,0,0,0,2,1,0,0,0,0,2,0,0,1,2,0,12,35,26,0,0,1,1,0,0,0,0,3,15,6,0,1,17,0,3,0,0,0,0,1,4,9,0,0,0,0,0,1,0,0,0,0,83,0,8,0,1,0,Monocyte
NC1_TAAGTGCAGGCTCATT.1,1,0,1,2,11,0,0,0,2,0,1,2,1,0,0,0,0,15,6,19,3,9,15,5,22,7,21,2,35,0,0,0,0,2,0,0,6,0,0,0,5,1,0,0,0,0,0,2,0,0,2,3,15,34,17,1,0,0,0,1,0,1,0,2,40,1,0,2,22,1,5,0,0,0,0,0,0,12,0,2,0,0,0,2,0,1,0,0,74,1,8,0,2,0,Monocyte
NC1_TACTCATTCAAACGGG.1,1,0,2,1,13,1,0,0,3,0,0,1,2,1,0,0,0,19,2,16,2,6,6,6,26,7,9,0,24,1,4,0,1,0,1,0,14,0,0,0,3,0,0,0,0,0,0,1,8,0,0,0,8,29,23,0,0,0,0,1,0,0,0,4,34,3,0,2,17,0,1,0,0,0,0,0,15,16,0,0,0,0,0,0,0,1,0,0,82,0,6,0,0,0,Monocyte
NC1_TAGAGCTAGTGTTGAA.1,0,2,0,0,11,0,0,0,4,1,1,0,0,0,0,1,0,15,1,8,5,2,3,2,16,5,7,0,7,0,2,0,0,1,4,0,1,1,0,0,1,0,0,0,0,0,0,0,8,0,1,0,9,15,9,0,0,0,2,0,0,1,0,0,19,15,0,0,12,1,1,0,0,0,0,0,2,2,0,0,0,0,0,1,0,1,0,1,36,1,8,0,1,0,Monocyte
NC1_TATTACCGTTTACTCT.1,1,0,0,2,11,2,0,0,1,0,0,3,1,0,0,0,2,7,5,18,1,6,6,4,12,4,9,0,11,0,3,0,2,0,1,0,2,0,0,0,1,1,0,0,1,1,1,0,0,0,3,3,11,46,24,0,0,0,2,1,0,0,0,2,28,7,0,4,13,0,2,0,0,0,0,0,12,9,2,2,0,1,0,0,0,0,0,0,87,1,2,1,1,0,Monocyte
NC1_TCAGGTAAGGGTTTCT.1,0,0,0,1,21,0,0,0,5,0,0,2,1,0,1,1,0,27,5,22,3,2,4,8,18,13,16,1,16,0,3,0,8,0,1,1,10,1,0,0,2,0,0,0,0,0,0,2,5,2,2,1,12,46,32,0,0,0,1,1,0,0,0,1,18,21,0,4,26,1,3,0,0,0,1,1,7,2,0,2,0,0,0,0,0,2,1,0,66,1,11,0,2,0,Monocyte
NC1_TCGGGACAGGGATGGG.1,2,2,0,0,8,0,0,0,4,0,1,0,0,1,0,3,1,21,7,20,3,6,1,8,27,7,21,0,16,0,0,0,5,0,1,0,4,0,0,2,3,0,0,0,1,0,1,0,0,3,2,0,10,36,25,0,1,0,9,2,0,0,0,5,31,8,0,2,30,1,2,1,0,0,0,0,7,6,0,0,0,1,0,1,0,0,0,0,92,0,10,1,4,1,Monocyte
NC1_TCTATTGTCATGTCTT.1,0,1,0,3,11,0,0,0,1,0,0,0,0,0,0,0,0,10,5,8,3,0,0,0,11,6,12,0,14,0,3,0,0,0,0,0,6,0,0,0,6,2,0,0,0,0,2,1,0,1,6,2,6,31,16,0,0,0,1,2,0,1,0,1,20,0,0,2,19,0,1,0,1,0,0,0,16,13,1,0,0,0,0,1,0,0,0,0,65,0,4,0,3,0,Monocyte
NC1_TGACTAGAGCCGGTAA.1,0,2,0,0,5,0,0,0,2,0,0,2,0,1,0,0,2,9,0,16,3,7,6,7,10,5,8,2,19,0,0,0,0,3,7,0,3,0,0,1,6,0,0,0,0,0,0,1,4,0,1,0,13,38,15,1,0,1,8,0,0,0,0,3,21,6,0,2,12,3,1,0,0,0,0,0,6,4,0,1,0,0,1,0,0,1,1,0,53,2,9,0,0,0,Monocyte
NC1_TGAGAGGGTGTGACGA.1,1,0,0,1,12,0,0,0,5,0,0,3,0,0,0,0,0,15,3,14,1,10,2,12,18,3,14,0,18,0,1,0,1,0,0,1,3,0,0,0,3,1,1,0,0,0,1,0,1,2,9,0,9,22,21,1,0,0,1,1,0,0,0,5,20,4,0,4,12,0,2,0,0,0,0,0,5,12,1,0,0,0,0,2,0,1,0,0,87,0,10,0,2,0,Monocyte
NC1_TGAGGGAGTGACCAAG.1,2,0,2,0,2,0,0,0,0,0,0,0,0,0,0,0,0,7,1,10,2,2,4,6,8,2,9,0,12,0,1,0,0,1,0,1,1,0,0,2,0,0,0,0,0,0,0,2,0,1,2,0,2,5,7,0,0,1,1,0,0,2,0,1,13,5,0,1,10,0,3,0,0,0,1,0,4,0,0,0,0,0,0,0,0,2,1,0,20,0,3,0,1,0,Monocyte
NC1_TGCCCATAGGGTGTGT.1,0,0,0,0,3,0,0,0,0,0,0,3,0,0,0,0,1,9,0,6,1,4,0,2,4,0,2,1,4,0,0,0,0,0,0,1,0,0,1,0,0,0,0,0,0,0,0,0,0,0,0,0,0,7,5,0,0,0,0,0,0,0,0,1,4,0,0,0,7,0,1,0,0,0,0,0,0,5,0,0,0,0,0,0,0,0,0,0,27,0,3,0,0,0,Monocyte
NC1_TTGTAGGTCATAAAGG.1,1,2,0,1,9,0,0,1,5,0,0,1,1,0,0,0,2,20,6,38,5,10,6,9,24,8,28,0,34,0,0,0,0,0,0,0,1,0,0,1,3,0,0,0,0,0,0,1,12,1,0,0,14,34,29,0,0,1,1,1,0,1,0,2,30,10,0,3,25,2,0,0,2,0,0,0,5,2,0,1,1,0,0,1,0,1,0,0,72,4,12,1,6,0,Monocyte
NC1_TTTACTGAGCTGCAAG.1,0,0,0,1,5,0,0,2,1,0,0,0,0,0,0,0,0,16,5,14,4,9,2,5,18,3,17,1,21,0,0,0,0,0,2,0,10,1,0,0,5,0,0,0,0,0,1,0,2,1,1,0,6,27,21,0,0,0,2,1,0,0,0,2,23,5,0,1,18,1,5,1,0,0,1,0,4,3,0,2,0,0,0,1,0,2,0,1,60,1,7,0,4,0,Monocyte
NC2_AAACCTGCAGGTCGTC.1,2,0,0,1,12,0,0,0,0,0,1,0,2,0,0,0,0,14,3,8,2,8,4,7,13,3,10,2,19,0,0,0,0,0,0,0,0,0,0,0,3,0,0,0,0,0,0,0,0,0,2,0,8,15,15,0,0,1,0,0,0,0,1,4,20,2,0,2,10,0,0,0,0,0,1,0,2,19,0,1,0,0,0,2,1,0,0,0,65,0,3,0,1,0,Monocyte
NC2_AAAGCAATCAAACGGG.1,1,0,0,0,1,0,0,0,1,1,0,1,0,0,0,0,0,9,4,5,1,8,5,0,11,1,8,1,10,0,0,0,0,0,0,0,1,0,0,0,0,1,0,0,0,0,0,0,1,0,2,0,0,10,5,0,0,0,1,0,0,0,0,2,6,3,0,0,6,0,0,0,0,0,0,0,0,1,0,0,0,0,0,0,0,0,0,0,16,0,2,0,2,0,Monocyte
NC2_AAGACCTAGGACGAAA.1,0,2,0,1,5,0,0,0,4,0,0,0,0,0,0,0,1,9,3,10,6,5,4,7,14,5,9,0,22,0,0,0,0,0,2,0,1,0,0,1,1,2,0,0,0,0,0,0,0,0,0,0,8,21,8,0,0,2,2,2,0,1,1,2,19,3,0,2,7,0,0,1,0,0,1,0,2,2,0,0,0,0,0,0,0,1,1,0,33,1,4,0,0,0,Monocyte
NC2_ACACTGAGTACATGTC.1,0,0,0,2,11,1,0,0,3,1,0,1,0,0,0,0,1,12,5,18,5,12,6,8,27,9,14,0,22,0,1,0,0,0,0,0,1,1,0,0,0,0,0,0,0,0,0,0,1,1,2,0,9,33,21,0,0,2,3,0,0,1,0,1,40,3,0,5,9,0,1,0,1,0,1,0,5,14,0,0,0,0,0,0,0,0,0,0,81,1,7,0,5,0,Monocyte
NC2_ACAGCCGAGAGTCGGT.1,0,2,0,0,10,0,0,0,1,0,0,0,0,0,0,0,2,12,4,9,3,2,3,9,11,3,8,1,14,0,0,0,3,0,3,1,1,0,0,0,2,0,1,0,2,0,0,2,0,0,2,0,5,4,7,0,0,2,2,0,0,0,0,2,15,3,1,1,9,0,1,0,0,0,2,0,1,3,0,0,0,0,0,1,0,1,0,0,32,0,2,0,1,0,Monocyte
NC2_ACGCAGCAGGACATTA.1,5,0,3,1,13,1,0,0,2,0,0,3,0,0,0,0,0,4,0,10,1,5,3,4,10,3,3,0,9,0,0,0,0,0,2,0,3,0,0,0,1,2,0,0,1,0,0,0,0,1,1,1,7,27,13,0,0,0,3,0,0,0,0,2,21,3,0,4,8,0,1,0,0,0,0,0,7,8,0,2,0,0,0,0,0,1,1,0,57,1,6,0,0,0,Monocyte
NC2_ACTGATGTCGCTGATA.1,0,2,0,3,11,2,0,0,3,0,0,0,0,0,0,0,0,19,5,14,1,6,6,9,23,8,15,6,27,0,0,0,0,0,1,0,0,2,0,0,0,0,0,0,1,0,0,0,0,0,0,1,12,30,22,0,0,0,1,0,0,0,0,3,34,6,0,1,18,0,2,0,0,0,0,0,4,14,0,0,0,0,0,0,0,2,0,0,103,1,10,0,0,0,Monocyte
NC2_AGTGAGGAGGGTGTTG.1,0,0,0,0,9,0,0,0,2,0,0,0,0,0,0,0,1,14,2,11,4,5,6,8,18,1,5,0,12,0,0,0,0,0,0,0,2,0,0,0,0,1,0,0,0,0,0,1,0,1,1,0,8,9,5,0,0,0,0,0,0,0,0,0,12,2,0,1,9,0,1,0,1,0,0,0,1,9,0,0,0,0,0,1,0,1,0,0,55,0,5,0,1,0,Monocyte
NC2_ATTGGACAGCAGACTG.1,1,0,0,0,13,0,0,0,3,0,0,2,0,0,0,0,0,14,2,23,4,11,6,7,19,13,17,1,26,0,0,0,0,0,0,0,0,0,0,0,2,0,0,0,0,0,0,0,0,0,0,0,15,33,20,0,0,0,1,0,0,0,0,0,33,0,0,2,12,0,1,0,1,0,0,0,8,19,0,0,0,0,0,0,0,0,0,0,92,1,7,1,0,0,Monocyte
NC2_CAACCAACATCCCACT.1,3,1,1,0,6,0,0,0,2,0,0,2,2,1,0,1,1,15,5,25,3,9,4,10,17,5,21,2,26,0,0,0,1,1,3,1,5,1,0,0,2,0,0,0,0,0,0,3,2,0,0,0,7,26,18,1,0,0,4,0,0,0,0,1,25,10,0,0,6,1,1,0,0,0,0,0,4,6,0,3,0,0,0,1,0,3,0,0,63,0,17,0,3,0,Monocyte
NC2_CAAGGCCGTACATGTC.1,1,3,1,0,5,1,0,1,0,0,1,0,0,0,0,0,0,18,6,18,1,5,3,5,14,4,13,0,23,0,0,0,0,0,5,0,5,0,0,2,2,0,0,0,0,0,0,0,3,1,1,0,6,34,21,0,0,1,3,0,0,0,0,3,24,12,0,0,14,0,2,0,0,1,0,0,8,8,0,0,0,0,0,1,0,3,0,0,79,1,8,0,2,0,Monocyte
NC2_CCGGGATTCTGCGTAA.1,3,0,0,3,6,1,0,0,3,0,0,0,1,0,0,2,0,19,2,31,1,5,11,12,28,9,14,1,30,1,0,0,0,0,0,2,0,1,0,0,3,1,0,0,0,0,0,0,0,0,0,2,11,40,27,1,1,1,3,0,0,0,1,1,15,4,0,1,15,0,5,0,0,0,3,0,4,11,0,0,0,1,0,2,0,1,0,0,79,0,12,0,6,0,Monocyte
NC2_CGAACATAGATGTCGG.1,0,1,0,1,17,0,0,0,2,0,0,4,0,0,0,0,2,11,3,13,3,7,4,9,15,5,22,0,15,0,0,0,0,0,0,1,1,0,0,0,3,0,0,0,0,0,0,0,0,0,1,0,9,33,20,0,0,0,1,0,0,1,0,1,30,1,1,1,6,0,3,0,0,0,0,0,6,15,0,1,0,0,0,1,0,0,0,0,63,0,8,0,1,0,Monocyte
NC2_CGGACGTCACTCAGGC.1,0,2,0,1,13,1,0,0,3,0,0,0,1,0,0,2,0,16,3,29,5,16,4,15,35,5,11,3,31,0,0,0,0,1,1,0,0,0,0,0,0,0,0,0,0,0,1,1,0,1,0,0,11,36,31,0,0,0,2,1,0,1,0,0,22,7,0,2,24,1,0,1,1,0,0,0,3,8,0,2,0,0,1,0,0,2,0,0,56,1,8,0,6,0,Monocyte
NC2_CTACCCAAGACACTAA.1,0,0,0,1,8,0,0,0,4,0,0,1,1,0,0,0,0,10,1,11,1,6,0,11,7,2,2,0,6,0,2,0,0,0,3,0,13,0,0,1,0,0,0,0,0,0,0,0,3,0,0,0,17,38,33,0,0,0,0,0,0,0,0,2,27,5,0,1,15,1,1,0,0,0,0,0,4,5,0,0,1,0,0,1,0,0,0,0,86,0,5,0,2,0,Monocyte
NC2_CTGAAACCAGCTGCTG.1,0,0,0,0,4,0,0,0,1,0,0,0,1,0,0,0,0,7,1,1,1,4,0,4,7,0,3,0,4,0,0,0,0,0,2,0,1,0,0,0,0,0,0,0,0,0,0,1,2,0,0,0,1,8,4,0,0,0,1,0,0,0,0,0,8,4,0,2,7,0,1,0,0,0,1,0,2,5,0,0,0,0,0,0,0,1,0,0,65,0,2,0,0,0,Monocyte
NC2_GAATGAAGTTTGTTGG.1,2,4,0,3,6,0,0,0,2,0,0,0,2,1,0,1,0,11,2,20,5,6,3,8,26,11,6,2,25,0,0,0,0,0,5,0,4,0,0,0,1,1,0,0,0,0,0,0,0,0,3,1,10,37,38,0,0,0,1,0,0,0,0,0,34,10,0,3,26,1,1,0,0,0,2,0,19,8,0,3,0,0,0,1,0,2,0,0,81,0,7,0,0,0,Monocyte
NC2_GACACGCCAGTCAGCC.1,1,0,0,0,6,0,0,0,1,0,1,2,0,0,0,0,1,7,2,16,3,7,1,7,15,2,15,1,19,0,0,0,0,1,1,1,0,0,0,1,1,0,0,0,0,0,0,0,2,1,0,0,12,46,30,0,0,2,1,2,0,0,0,6,23,5,0,0,13,0,1,0,0,0,0,0,3,2,0,0,0,1,0,1,0,1,0,0,61,0,9,0,2,0,Monocyte
NC2_GGAATAATCTAACTTC.1,0,0,1,2,25,1,0,0,1,0,0,2,1,0,0,0,2,14,7,16,2,11,1,5,18,2,11,0,15,0,1,0,0,0,1,0,6,1,0,0,3,3,0,0,0,0,2,1,0,2,0,9,13,29,20,0,0,0,1,0,0,1,0,7,31,6,0,2,8,0,1,0,1,0,0,0,9,11,0,0,1,0,0,0,0,0,0,0,79,0,5,0,1,0,Monocyte
NC2_GGGACCTTCATGCTCC.1,1,5,1,1,12,1,0,0,2,0,0,2,0,0,0,1,2,11,1,27,1,5,4,9,12,4,9,2,24,1,0,0,0,1,4,0,3,0,0,0,0,1,0,0,0,0,0,2,15,0,2,0,12,41,34,0,0,1,1,1,0,1,0,0,28,12,0,2,21,0,1,0,0,0,0,0,4,7,0,1,0,2,0,1,0,0,0,0,64,0,12,0,1,0,Monocyte
NC2_GGGTTGCGTACGCACC.1,1,0,0,2,5,0,0,0,2,0,0,0,0,0,0,0,2,3,2,1,1,2,4,4,4,3,5,1,16,0,0,0,0,0,0,0,2,0,1,0,1,0,0,0,0,0,0,0,1,0,0,0,8,12,7,0,0,0,0,1,0,0,0,2,20,1,0,0,3,0,2,0,1,0,0,0,3,2,0,0,0,0,0,0,0,0,0,0,39,0,6,0,2,0,Monocyte
NC2_GTTCATTAGGCGACAT.1,0,1,0,2,14,0,0,0,4,0,0,1,1,0,0,0,0,22,5,26,2,15,4,12,16,16,21,1,21,1,1,0,1,0,0,0,0,0,0,3,2,0,0,0,1,0,1,2,3,1,5,0,7,36,19,0,0,0,1,0,0,0,0,1,23,8,0,6,26,0,1,0,1,0,0,0,3,3,0,0,0,0,0,1,0,3,0,0,57,0,7,0,4,0,Monocyte
NC2_TAAGCGTTCAATACCG.1,0,1,1,0,11,1,0,0,3,0,0,1,1,0,0,0,1,15,2,13,2,5,0,11,10,5,12,3,17,0,5,0,0,1,2,0,2,1,0,0,1,4,0,0,0,0,0,3,2,0,0,0,15,30,24,0,0,0,2,0,0,0,0,1,30,16,1,0,20,1,4,0,0,0,0,0,6,6,0,1,0,0,0,0,0,1,1,0,77,1,7,1,1,0,Monocyte
NC2_TACGGGCGTCATACTG.1,0,0,0,1,6,0,0,0,0,0,1,0,0,0,0,0,0,10,2,4,0,0,0,3,10,6,3,1,9,1,1,0,1,0,1,0,1,0,0,0,0,0,0,0,0,0,0,0,1,0,3,0,6,11,12,0,0,0,1,0,0,0,0,1,12,6,0,2,11,0,0,0,0,0,1,0,4,2,0,0,0,0,0,0,0,1,0,0,26,0,3,0,0,0,Monocyte
NC2_TATCTCATCAGCTGGC.1,1,1,2,0,13,1,0,0,0,0,0,2,0,0,0,1,1,6,4,19,2,12,7,7,12,3,10,1,18,0,0,0,0,0,1,0,4,0,0,0,2,1,0,0,0,0,0,0,0,0,2,2,10,20,15,1,1,0,6,2,0,1,0,2,19,3,0,1,11,0,2,0,1,1,0,0,3,7,1,1,0,0,0,1,0,1,0,1,50,1,10,0,1,0,Monocyte
NC2_TCACAAGTCGTTACGA.1,4,6,0,1,17,1,0,0,4,0,1,1,0,0,0,0,0,23,2,26,4,11,9,5,27,7,17,1,26,1,0,1,0,0,2,0,6,0,0,2,4,5,0,0,0,0,0,1,4,0,5,1,10,36,38,0,0,2,2,1,0,0,0,6,30,19,0,1,13,2,0,0,0,0,1,0,9,5,0,0,0,0,0,1,1,2,0,0,58,3,9,2,2,0,Monocyte
NC2_TCAGGTAAGATGCCAG.1,4,2,0,0,7,0,0,0,3,0,1,0,0,0,0,0,1,14,1,22,2,9,1,7,27,6,16,0,34,0,1,0,1,1,1,0,1,0,0,3,1,0,0,0,0,0,0,1,4,0,0,0,8,29,15,0,0,0,3,0,0,0,0,3,27,7,0,1,6,1,2,0,0,0,3,0,10,3,0,0,0,0,0,1,0,1,0,0,38,0,6,0,1,0,Monocyte
NC2_TCATTTGAGAGACGAA.1,1,0,0,2,13,0,0,0,2,0,0,1,0,1,0,0,0,8,2,9,2,2,2,5,11,6,10,1,23,0,1,0,0,0,0,1,2,1,0,0,2,0,0,0,0,0,0,0,0,1,0,1,10,31,16,0,0,0,6,0,0,0,0,2,23,2,0,3,9,0,3,0,0,0,0,0,1,19,0,0,0,0,0,1,0,1,1,0,77,0,9,0,0,0,Monocyte
NC2_TCGGGACCAGGGCATA.1,0,1,1,3,1,2,0,1,3,0,0,0,0,0,0,0,0,15,2,11,0,10,1,4,18,5,13,1,18,0,0,0,0,2,4,0,7,0,0,0,1,2,0,0,0,0,0,0,0,1,1,2,12,25,22,0,0,0,2,1,0,0,1,1,20,27,0,1,20,1,1,0,0,0,0,0,6,2,0,0,0,0,0,0,0,4,1,0,89,0,8,0,1,0,Monocyte
NC2_TCTCTAAAGGGCTTGA.1,0,0,2,1,7,0,0,0,2,0,0,0,0,0,0,0,1,23,0,16,5,7,5,8,30,11,8,2,28,0,0,0,0,1,3,0,10,0,0,0,3,0,0,0,0,0,0,2,1,0,0,1,4,34,12,0,0,0,0,1,0,0,1,0,20,5,0,0,16,0,1,0,0,0,0,0,13,6,0,1,0,0,1,0,0,4,0,0,45,2,12,0,5,0,Monocyte
NC2_TCTGAGAAGGGCTTGA.1,1,0,0,2,16,0,0,0,0,0,0,0,0,0,0,1,0,30,2,18,3,12,3,6,18,10,19,1,25,0,1,0,0,2,2,0,3,0,0,0,0,0,0,0,0,0,1,0,3,0,2,1,11,37,21,0,0,0,3,1,0,1,0,0,33,9,0,1,11,0,2,0,0,0,4,0,11,8,0,0,0,1,1,2,0,1,0,0,66,0,15,0,3,0,Monocyte
NC2_TGACAACTCGAATCCA.1,0,0,1,2,17,0,0,0,2,0,0,2,1,0,0,0,0,16,2,14,2,4,4,13,21,4,13,0,18,0,1,0,1,0,0,0,0,0,0,0,0,0,0,0,0,0,0,0,0,0,3,0,14,35,22,0,0,0,2,0,0,0,0,5,24,3,0,1,15,0,3,0,1,0,0,0,2,14,0,0,0,0,0,0,0,0,0,0,82,0,9,0,1,0,Monocyte
NC2_TGACTAGCAAGTAGTA.1,0,1,0,3,7,0,0,0,2,0,0,1,0,0,0,1,0,12,1,5,3,2,0,6,7,2,1,0,13,0,1,0,0,0,0,0,1,0,0,0,1,0,0,0,0,0,0,1,0,0,0,0,4,18,6,0,0,0,1,0,0,1,0,2,11,4,0,0,7,0,1,0,0,0,0,0,0,9,0,0,0,0,0,0,0,0,0,0,54,0,5,1,0,0,Monocyte
NC2_TGCTGCTTCCAAGTAC.1,0,0,0,1,13,1,0,0,2,0,0,4,0,0,0,1,0,17,4,13,4,11,1,8,10,10,8,2,20,0,0,0,0,0,2,0,3,0,0,0,0,3,0,0,0,0,0,0,9,0,0,0,3,35,20,0,0,0,1,0,0,0,0,4,30,3,0,1,15,0,1,0,4,0,1,0,3,16,0,0,0,0,0,0,0,0,0,0,67,1,11,0,1,0,Monocyte
NC2_TGGTTCCTCACTCTTA.1,0,0,2,0,14,0,0,0,2,0,0,2,0,0,0,0,0,15,1,11,1,6,4,11,7,4,7,2,12,0,1,0,0,0,0,0,3,0,0,0,1,1,0,0,0,0,0,0,0,0,1,0,7,19,15,0,0,1,1,0,0,0,0,2,23,1,0,0,9,0,3,0,1,0,0,1,4,8,0,2,0,0,0,0,0,3,1,0,57,1,0,0,0,0,Monocyte
NC2_TTCGAAGGTTATGCGT.1,1,0,0,2,15,2,0,0,0,0,0,0,3,0,0,0,0,16,2,10,2,7,2,8,12,4,11,2,20,0,0,1,0,0,1,0,8,0,0,0,1,0,0,0,0,0,0,0,0,1,0,0,6,25,14,0,0,0,1,1,0,1,0,1,17,3,0,1,11,0,2,0,0,0,0,0,7,8,0,0,0,1,0,0,0,0,0,0,69,0,9,0,0,0,Monocyte
NC2_TTTACTGAGGACGAAA.1,0,0,0,1,5,1,0,0,0,0,1,1,0,0,0,0,0,9,2,8,0,5,1,3,9,4,3,1,13,0,0,0,0,0,1,0,1,0,0,0,0,0,0,0,0,0,0,0,3,0,1,3,8,16,10,0,0,0,1,0,0,0,0,1,16,4,0,0,17,0,1,0,0,0,0,0,7,0,0,1,0,0,0,0,0,0,0,0,25,1,5,0,0,0,Monocyte
